team_episode_return,episode_length,left_player_0,left_player_1,left_player_2,right_player_4,right_player_5,right_player_6,steps,epsilon
-0.30600000000000005,54.0,-0.13200000000000006,-0.05999999999999998,-0.11399999999999999,-0.12499999999999997,-0.12900000000000006,0.08799999999999995,0,1.0
