team_episode_return,episode_length,left_player_0,left_player_1,left_player_2,right_player_4,right_player_5,right_player_6,steps,epsilon
-3.5380000000000016,156.0,-1.2900000000000005,-1.1040000000000005,-1.1440000000000006,-0.8450000000000003,-1.3680000000000008,-0.9120000000000003,0,1.0
